<keymap version="1" name="VSCode copy" parent="VSCode">
  <action id="ActivateRunToolWindow" />
  <action id="EditorBackwardParagraphWithSelection">
    <keyboard-shortcut first-keystroke="shift ctrl alt up" />
  </action>
  <action id="EditorCloneCaretAbove">
    <keyboard-shortcut first-keystroke="shift ctrl up" />
  </action>
  <action id="EditorCloneCaretBelow">
    <keyboard-shortcut first-keystroke="shift ctrl down" />
  </action>
  <action id="EditorCreateRectangularSelection">
    <mouse-shortcut keystroke="shift control button1" />
  </action>
  <action id="EditorCreateRectangularSelectionOnMouseDrag">
    <mouse-shortcut keystroke="button2" />
    <mouse-shortcut keystroke="shift control button1" />
  </action>
  <action id="EditorDeleteLine">
    <keyboard-shortcut first-keystroke="ctrl l" />
  </action>
  <action id="EditorDuplicate">
    <keyboard-shortcut first-keystroke="ctrl d" />
  </action>
  <action id="EditorForwardParagraphWithSelection">
    <keyboard-shortcut first-keystroke="shift ctrl alt down" />
  </action>
  <action id="GotoFile">
    <keyboard-shortcut first-keystroke="ctrl o" />
  </action>
  <action id="GotoTypeDeclaration" />
  <action id="OpenFile" />
  <action id="RdFindUnityUsagesAction">
    <keyboard-shortcut first-keystroke="shift ctrl u" />
  </action>
  <action id="RecentFiles" />
  <action id="RenameElement">
    <keyboard-shortcut first-keystroke="f2" />
    <keyboard-shortcut first-keystroke="ctrl r" second-keystroke="r" />
  </action>
  <action id="ResizeToolWindowDown" />
  <action id="ResizeToolWindowUp" />
  <action id="RiderNuGetToggleDependenciesExpanderAction" />
  <action id="RiderUnitTestDebugContextTwAction" />
  <action id="RiderUnitTestRunContextTwAction">
    <keyboard-shortcut first-keystroke="shift enter" />
  </action>
  <action id="RiderUnitTestRunSolutionTwAction" />
  <action id="SelectNextOccurrence" />
  <action id="ShowIntentionActions">
    <keyboard-shortcut first-keystroke="ctrl period" />
    <keyboard-shortcut first-keystroke="alt enter" />
  </action>
  <action id="ShowUsages" />
  <action id="Terminal.ClearBuffer" />
  <action id="Vcs.Log.FocusTextFilter" />
  <action id="org.intellij.plugins.markdown.ui.actions.styling.MarkdownCreateLinkAction" />
</keymap>